age,age_label,sex,marital_status,background,population_thousands
0,0,male,naimaton,native,18.787499999999998
0,0,male,naimaton,immigrant_background,3.7125000000000004
0,0,female,naimaton,native,17.7855
0,0,female,naimaton,immigrant_background,3.5145000000000004
0,0,male,naimisissa,native,0.0
0,0,male,naimisissa,immigrant_background,0.0
0,0,female,naimisissa,native,0.0
0,0,female,naimisissa,immigrant_background,0.0
0,0,male,eronnut,native,0.0
0,0,male,eronnut,immigrant_background,0.0
0,0,female,eronnut,native,0.0
0,0,female,eronnut,immigrant_background,0.0
0,0,male,leski,native,0.0
0,0,male,leski,immigrant_background,0.0
0,0,female,leski,native,0.0
0,0,female,leski,immigrant_background,0.0
1,1,male,naimaton,native,19.038
1,1,male,naimaton,immigrant_background,3.7620000000000005
1,1,female,naimaton,native,18.036
1,1,female,naimaton,immigrant_background,3.5640000000000005
1,1,male,naimisissa,native,0.0
1,1,male,naimisissa,immigrant_background,0.0
1,1,female,naimisissa,native,0.0
1,1,female,naimisissa,immigrant_background,0.0
1,1,male,eronnut,native,0.0
1,1,male,eronnut,immigrant_background,0.0
1,1,female,eronnut,native,0.0
1,1,female,eronnut,immigrant_background,0.0
1,1,male,leski,native,0.0
1,1,male,leski,immigrant_background,0.0
1,1,female,leski,native,0.0
1,1,female,leski,immigrant_background,0.0
2,2,male,naimaton,native,19.2885
2,2,male,naimaton,immigrant_background,3.8115000000000006
2,2,female,naimaton,native,18.369999999999997
2,2,female,naimaton,immigrant_background,3.6300000000000003
2,2,male,naimisissa,native,0.0
2,2,male,naimisissa,immigrant_background,0.0
2,2,female,naimisissa,native,0.0
2,2,female,naimisissa,immigrant_background,0.0
2,2,male,eronnut,native,0.0
2,2,male,eronnut,immigrant_background,0.0
2,2,female,eronnut,native,0.0
2,2,female,eronnut,immigrant_background,0.0
2,2,male,leski,native,0.0
2,2,male,leski,immigrant_background,0.0
2,2,female,leski,native,0.0
2,2,female,leski,immigrant_background,0.0
3,3,male,naimaton,native,19.706
3,3,male,naimaton,immigrant_background,3.8940000000000006
3,3,female,naimaton,native,18.703999999999997
3,3,female,naimaton,immigrant_background,3.6959999999999997
3,3,male,naimisissa,native,0.0
3,3,male,naimisissa,immigrant_background,0.0
3,3,female,naimisissa,native,0.0
3,3,female,naimisissa,immigrant_background,0.0
3,3,male,eronnut,native,0.0
3,3,male,eronnut,immigrant_background,0.0
3,3,female,eronnut,native,0.0
3,3,female,eronnut,immigrant_background,0.0
3,3,male,leski,native,0.0
3,3,male,leski,immigrant_background,0.0
3,3,female,leski,native,0.0
3,3,female,leski,immigrant_background,0.0
4,4,male,naimaton,native,20.206999999999997
4,4,male,naimaton,immigrant_background,3.993
4,4,female,naimaton,native,19.121499999999997
4,4,female,naimaton,immigrant_background,3.7784999999999997
4,4,male,naimisissa,native,0.0
4,4,male,naimisissa,immigrant_background,0.0
4,4,female,naimisissa,native,0.0
4,4,female,naimisissa,immigrant_background,0.0
4,4,male,eronnut,native,0.0
4,4,male,eronnut,immigrant_background,0.0
4,4,female,eronnut,native,0.0
4,4,female,eronnut,immigrant_background,0.0
4,4,male,leski,native,0.0
4,4,male,leski,immigrant_background,0.0
4,4,female,leski,native,0.0
4,4,female,leski,immigrant_background,0.0
5,5,male,naimaton,native,21.413999999999998
5,5,male,naimaton,immigrant_background,3.486
5,5,female,naimaton,native,20.21
5,5,female,naimaton,immigrant_background,3.2900000000000005
5,5,male,naimisissa,native,0.0
5,5,male,naimisissa,immigrant_background,0.0
5,5,female,naimisissa,native,0.0
5,5,female,naimisissa,immigrant_background,0.0
5,5,male,eronnut,native,0.0
5,5,male,eronnut,immigrant_background,0.0
5,5,female,eronnut,native,0.0
5,5,female,eronnut,immigrant_background,0.0
5,5,male,leski,native,0.0
5,5,male,leski,immigrant_background,0.0
5,5,female,leski,native,0.0
5,5,female,leski,immigrant_background,0.0
6,6,male,naimaton,native,21.758
6,6,male,naimaton,immigrant_background,3.5420000000000003
6,6,female,naimaton,native,20.64
6,6,female,naimaton,immigrant_background,3.3600000000000003
6,6,male,naimisissa,native,0.0
6,6,male,naimisissa,immigrant_background,0.0
6,6,female,naimisissa,native,0.0
6,6,female,naimisissa,immigrant_background,0.0
6,6,male,eronnut,native,0.0
6,6,male,eronnut,immigrant_background,0.0
6,6,female,eronnut,native,0.0
6,6,female,eronnut,immigrant_background,0.0
6,6,male,leski,native,0.0
6,6,male,leski,immigrant_background,0.0
6,6,female,leski,native,0.0
6,6,female,leski,immigrant_background,0.0
7,7,male,naimaton,native,22.188
7,7,male,naimaton,immigrant_background,3.6120000000000005
7,7,female,naimaton,native,20.983999999999998
7,7,female,naimaton,immigrant_background,3.416
7,7,male,naimisissa,native,0.0
7,7,male,naimisissa,immigrant_background,0.0
7,7,female,naimisissa,native,0.0
7,7,female,naimisissa,immigrant_background,0.0
7,7,male,eronnut,native,0.0
7,7,male,eronnut,immigrant_background,0.0
7,7,female,eronnut,native,0.0
7,7,female,eronnut,immigrant_background,0.0
7,7,male,leski,native,0.0
7,7,male,leski,immigrant_background,0.0
7,7,female,leski,native,0.0
7,7,female,leski,immigrant_background,0.0
8,8,male,naimaton,native,22.532
8,8,male,naimaton,immigrant_background,3.668
8,8,female,naimaton,native,21.328
8,8,female,naimaton,immigrant_background,3.4720000000000004
8,8,male,naimisissa,native,0.0
8,8,male,naimisissa,immigrant_background,0.0
8,8,female,naimisissa,native,0.0
8,8,female,naimisissa,immigrant_background,0.0
8,8,male,eronnut,native,0.0
8,8,male,eronnut,immigrant_background,0.0
8,8,female,eronnut,native,0.0
8,8,female,eronnut,immigrant_background,0.0
8,8,male,leski,native,0.0
8,8,male,leski,immigrant_background,0.0
8,8,female,leski,native,0.0
8,8,female,leski,immigrant_background,0.0
9,9,male,naimaton,native,22.79
9,9,male,naimaton,immigrant_background,3.7100000000000004
9,9,female,naimaton,native,21.586000000000002
9,9,female,naimaton,immigrant_background,3.5140000000000007
9,9,male,naimisissa,native,0.0
9,9,male,naimisissa,immigrant_background,0.0
9,9,female,naimisissa,native,0.0
9,9,female,naimisissa,immigrant_background,0.0
9,9,male,eronnut,native,0.0
9,9,male,eronnut,immigrant_background,0.0
9,9,female,eronnut,native,0.0
9,9,female,eronnut,immigrant_background,0.0
9,9,male,leski,native,0.0
9,9,male,leski,immigrant_background,0.0
9,9,female,leski,native,0.0
9,9,female,leski,immigrant_background,0.0
10,10,male,naimaton,native,23.983500000000003
10,10,male,naimaton,immigrant_background,3.1165000000000003
10,10,female,naimaton,native,22.7445
10,10,female,naimaton,immigrant_background,2.9555000000000002
10,10,male,naimisissa,native,0.0
10,10,male,naimisissa,immigrant_background,0.0
10,10,female,naimisissa,native,0.0
10,10,female,naimisissa,immigrant_background,0.0
10,10,male,eronnut,native,0.0
10,10,male,eronnut,immigrant_background,0.0
10,10,female,eronnut,native,0.0
10,10,female,eronnut,immigrant_background,0.0
10,10,male,leski,native,0.0
10,10,male,leski,immigrant_background,0.0
10,10,female,leski,native,0.0
10,10,female,leski,immigrant_background,0.0
11,11,male,naimaton,native,24.249
11,11,male,naimaton,immigrant_background,3.151
11,11,female,naimaton,native,23.01
11,11,female,naimaton,immigrant_background,2.99
11,11,male,naimisissa,native,0.0
11,11,male,naimisissa,immigrant_background,0.0
11,11,female,naimisissa,native,0.0
11,11,female,naimisissa,immigrant_background,0.0
11,11,male,eronnut,native,0.0
11,11,male,eronnut,immigrant_background,0.0
11,11,female,eronnut,native,0.0
11,11,female,eronnut,immigrant_background,0.0
11,11,male,leski,native,0.0
11,11,male,leski,immigrant_background,0.0
11,11,female,leski,native,0.0
11,11,female,leski,immigrant_background,0.0
12,12,male,naimaton,native,24.426000000000002
12,12,male,naimaton,immigrant_background,3.1740000000000004
12,12,female,naimaton,native,23.187
12,12,female,naimaton,immigrant_background,3.013
12,12,male,naimisissa,native,0.0
12,12,male,naimisissa,immigrant_background,0.0
12,12,female,naimisissa,native,0.0
12,12,female,naimisissa,immigrant_background,0.0
12,12,male,eronnut,native,0.0
12,12,male,eronnut,immigrant_background,0.0
12,12,female,eronnut,native,0.0
12,12,female,eronnut,immigrant_background,0.0
12,12,male,leski,native,0.0
12,12,male,leski,immigrant_background,0.0
12,12,female,leski,native,0.0
12,12,female,leski,immigrant_background,0.0
13,13,male,naimaton,native,24.603
13,13,male,naimaton,immigrant_background,3.197
13,13,female,naimaton,native,23.363999999999997
13,13,female,naimaton,immigrant_background,3.036
13,13,male,naimisissa,native,0.0
13,13,male,naimisissa,immigrant_background,0.0
13,13,female,naimisissa,native,0.0
13,13,female,naimisissa,immigrant_background,0.0
13,13,male,eronnut,native,0.0
13,13,male,eronnut,immigrant_background,0.0
13,13,female,eronnut,native,0.0
13,13,female,eronnut,immigrant_background,0.0
13,13,male,leski,native,0.0
13,13,male,leski,immigrant_background,0.0
13,13,female,leski,native,0.0
13,13,female,leski,immigrant_background,0.0
14,14,male,naimaton,native,24.78
14,14,male,naimaton,immigrant_background,3.22
14,14,female,naimaton,native,23.541
14,14,female,naimaton,immigrant_background,3.059
14,14,male,naimisissa,native,0.0
14,14,male,naimisissa,immigrant_background,0.0
14,14,female,naimisissa,native,0.0
14,14,female,naimisissa,immigrant_background,0.0
14,14,male,eronnut,native,0.0
14,14,male,eronnut,immigrant_background,0.0
14,14,female,eronnut,native,0.0
14,14,female,eronnut,immigrant_background,0.0
14,14,male,leski,native,0.0
14,14,male,leski,immigrant_background,0.0
14,14,female,leski,native,0.0
14,14,female,leski,immigrant_background,0.0
15,15,male,naimaton,native,25.469958000000002
15,15,male,naimaton,immigrant_background,2.673642
15,15,female,naimaton,native,24.156984
15,15,female,naimaton,immigrant_background,2.535816
15,15,male,naimisissa,native,0.051042
15,15,male,naimisissa,immigrant_background,0.005358
15,15,female,naimisissa,native,0.097016
15,15,female,naimisissa,immigrant_background,0.010184
15,15,male,eronnut,native,0.0
15,15,male,eronnut,immigrant_background,0.0
15,15,female,eronnut,native,0.0
15,15,female,eronnut,immigrant_background,0.0
15,15,male,leski,native,0.0
15,15,male,leski,immigrant_background,0.0
15,15,female,leski,native,0.0
15,15,female,leski,immigrant_background,0.0
16,16,male,naimaton,native,25.740915
16,16,male,naimaton,immigrant_background,2.7020850000000003
16,16,female,naimaton,native,24.427398000000004
16,16,female,naimaton,immigrant_background,2.5642020000000003
16,16,male,naimisissa,native,0.051585000000000006
16,16,male,naimisissa,immigrant_background,0.0054150000000000005
16,16,female,naimisissa,native,0.09810200000000001
16,16,female,naimisissa,immigrant_background,0.010298000000000002
16,16,male,eronnut,native,0.0
16,16,male,eronnut,immigrant_background,0.0
16,16,female,eronnut,native,0.0
16,16,female,eronnut,immigrant_background,0.0
16,16,male,leski,native,0.0
16,16,male,leski,immigrant_background,0.0
16,16,female,leski,native,0.0
16,16,female,leski,immigrant_background,0.0
17,17,male,naimaton,native,26.011872
17,17,male,naimaton,immigrant_background,2.730528
17,17,female,naimaton,native,24.697812
17,17,female,naimaton,immigrant_background,2.5925879999999997
17,17,male,naimisissa,native,0.05212800000000001
17,17,male,naimisissa,immigrant_background,0.005472
17,17,female,naimisissa,native,0.09918800000000001
17,17,female,naimisissa,immigrant_background,0.010412000000000001
17,17,male,eronnut,native,0.0
17,17,male,eronnut,immigrant_background,0.0
17,17,female,eronnut,native,0.0
17,17,female,eronnut,immigrant_background,0.0
17,17,male,leski,native,0.0
17,17,male,leski,immigrant_background,0.0
17,17,female,leski,native,0.0
17,17,female,leski,immigrant_background,0.0
18,18,male,naimaton,native,26.282829000000003
18,18,male,naimaton,immigrant_background,2.7589710000000003
18,18,female,naimaton,native,24.968225999999998
18,18,female,naimaton,immigrant_background,2.620974
18,18,male,naimisissa,native,0.052671
18,18,male,naimisissa,immigrant_background,0.005529
18,18,female,naimisissa,native,0.100274
18,18,female,naimisissa,immigrant_background,0.010525999999999999
18,18,male,eronnut,native,0.0
18,18,male,eronnut,immigrant_background,0.0
18,18,female,eronnut,native,0.0
18,18,female,eronnut,immigrant_background,0.0
18,18,male,leski,native,0.0
18,18,male,leski,immigrant_background,0.0
18,18,female,leski,native,0.0
18,18,female,leski,immigrant_background,0.0
19,19,male,naimaton,native,26.553786
19,19,male,naimaton,immigrant_background,2.7874139999999996
19,19,female,naimaton,native,25.23864
19,19,female,naimaton,immigrant_background,2.6493599999999997
19,19,male,naimisissa,native,0.053214
19,19,male,naimisissa,immigrant_background,0.005586
19,19,female,naimisissa,native,0.10136
19,19,female,naimisissa,immigrant_background,0.01064
19,19,male,eronnut,native,0.0
19,19,male,eronnut,immigrant_background,0.0
19,19,female,eronnut,native,0.0
19,19,female,eronnut,immigrant_background,0.0
19,19,male,leski,native,0.0
19,19,male,leski,immigrant_background,0.0
19,19,female,leski,native,0.0
19,19,female,leski,immigrant_background,0.0
20,20,male,naimaton,native,25.80288
20,20,male,naimaton,immigrant_background,3.1891199999999995
20,20,female,naimaton,native,23.58144
20,20,female,naimaton,immigrant_background,2.9145600000000003
20,20,male,naimisissa,native,0.994486
20,20,male,naimisissa,immigrant_background,0.122914
20,20,female,naimisissa,native,1.9224
20,20,female,naimisissa,immigrant_background,0.2376
20,20,male,eronnut,native,0.080634
20,20,male,eronnut,immigrant_background,0.009966000000000001
20,20,female,eronnut,native,0.12816000000000002
20,20,female,eronnut,immigrant_background,0.015840000000000003
20,20,male,leski,native,0.0
20,20,male,leski,immigrant_background,0.0
20,20,female,leski,native,0.0
20,20,female,leski,immigrant_background,0.0
21,21,male,naimaton,native,26.4864
21,21,male,naimaton,immigrant_background,3.2735999999999996
21,21,female,naimaton,native,24.154600000000002
21,21,female,naimaton,immigrant_background,2.9854000000000003
21,21,male,naimisissa,native,1.0208300000000001
21,21,male,naimisissa,immigrant_background,0.12617
21,21,female,naimisissa,native,1.969125
21,21,female,naimisissa,immigrant_background,0.24337499999999998
21,21,male,eronnut,native,0.08277
21,21,male,eronnut,immigrant_background,0.01023
21,21,female,eronnut,native,0.131275
21,21,female,eronnut,immigrant_background,0.016225
21,21,male,leski,native,0.0
21,21,male,leski,immigrant_background,0.0
21,21,female,leski,native,0.0
21,21,female,leski,immigrant_background,0.0
22,22,male,naimaton,native,27.169919999999998
22,22,male,naimaton,immigrant_background,3.3580799999999997
22,22,female,naimaton,native,24.72776
22,22,female,naimaton,immigrant_background,3.05624
22,22,male,naimisissa,native,1.0471739999999998
22,22,male,naimisissa,immigrant_background,0.12942599999999999
22,22,female,naimisissa,native,2.01585
22,22,female,naimisissa,immigrant_background,0.24914999999999995
22,22,male,eronnut,native,0.084906
22,22,male,eronnut,immigrant_background,0.010494
22,22,female,eronnut,native,0.13439
22,22,female,eronnut,immigrant_background,0.01661
22,22,male,leski,native,0.0
22,22,male,leski,immigrant_background,0.0
22,22,female,leski,native,0.0
22,22,female,leski,immigrant_background,0.0
23,23,male,naimaton,native,27.768
23,23,male,naimaton,immigrant_background,3.432
23,23,female,naimaton,native,25.219040000000003
23,23,female,naimaton,immigrant_background,3.11696
23,23,male,naimisissa,native,1.070225
23,23,male,naimisissa,immigrant_background,0.132275
23,23,female,naimisissa,native,2.0559000000000003
23,23,female,naimisissa,immigrant_background,0.2541
23,23,male,eronnut,native,0.086775
23,23,male,eronnut,immigrant_background,0.010725
23,23,female,eronnut,native,0.13706
23,23,female,eronnut,immigrant_background,0.01694
23,23,male,leski,native,0.0
23,23,male,leski,immigrant_background,0.0
23,23,female,leski,native,0.0
23,23,female,leski,immigrant_background,0.0
24,24,male,naimaton,native,28.280640000000002
24,24,male,naimaton,immigrant_background,3.49536
24,24,female,naimaton,native,25.62844
24,24,female,naimaton,immigrant_background,3.1675600000000004
24,24,male,naimisissa,native,1.089983
24,24,male,naimisissa,immigrant_background,0.134717
24,24,female,naimisissa,native,2.089275
24,24,female,naimisissa,immigrant_background,0.25822500000000004
24,24,male,eronnut,native,0.08837700000000001
24,24,male,eronnut,immigrant_background,0.010923000000000002
24,24,female,eronnut,native,0.139285
24,24,female,eronnut,immigrant_background,0.017215
24,24,male,leski,native,0.0
24,24,male,leski,immigrant_background,0.0
24,24,female,leski,native,0.0
24,24,female,leski,immigrant_background,0.0
25,25,male,naimaton,native,24.33477
25,25,male,naimaton,immigrant_background,3.6362300000000003
25,25,female,naimaton,native,19.856879999999997
25,25,female,naimaton,immigrant_background,2.96712
25,25,male,naimisissa,native,4.5444450000000005
25,25,male,naimisissa,immigrant_background,0.6790550000000001
25,25,female,naimisissa,native,7.0326450000000005
25,25,female,naimisissa,immigrant_background,1.050855
25,25,male,eronnut,native,0.43978500000000004
25,25,male,eronnut,immigrant_background,0.06571500000000001
25,25,female,eronnut,native,0.689475
25,25,female,eronnut,immigrant_background,0.103025
25,25,male,leski,native,0.0
25,25,male,leski,immigrant_background,0.0
25,25,female,leski,native,0.0
25,25,female,leski,immigrant_background,0.0
26,26,male,naimaton,native,24.695819999999998
26,26,male,naimaton,immigrant_background,3.6901800000000002
26,26,female,naimaton,native,20.10744
26,26,female,naimaton,immigrant_background,3.0045600000000006
26,26,male,naimisissa,native,4.61187
26,26,male,naimisissa,immigrant_background,0.68913
26,26,female,naimisissa,native,7.121385000000001
26,26,female,naimisissa,immigrant_background,1.0641150000000001
26,26,male,eronnut,native,0.44631
26,26,male,eronnut,immigrant_background,0.06669
26,26,female,eronnut,native,0.6981750000000001
26,26,female,eronnut,immigrant_background,0.10432500000000001
26,26,male,leski,native,0.0
26,26,male,leski,immigrant_background,0.0
26,26,female,leski,native,0.0
26,26,female,leski,immigrant_background,0.0
27,27,male,naimaton,native,24.984659999999998
27,27,male,naimaton,immigrant_background,3.73334
27,27,female,naimaton,native,20.29536
27,27,female,naimaton,immigrant_background,3.0326400000000002
27,27,male,naimisissa,native,4.6658100000000005
27,27,male,naimisissa,immigrant_background,0.6971900000000001
27,27,female,naimisissa,native,7.18794
27,27,female,naimisissa,immigrant_background,1.07406
27,27,male,eronnut,native,0.45153
27,27,male,eronnut,immigrant_background,0.06747
27,27,female,eronnut,native,0.7047
27,27,female,eronnut,immigrant_background,0.1053
27,27,male,leski,native,0.0
27,27,male,leski,immigrant_background,0.0
27,27,female,leski,native,0.0
27,27,female,leski,immigrant_background,0.0
28,28,male,naimaton,native,25.20129
28,28,male,naimaton,immigrant_background,3.76571
28,28,female,naimaton,native,20.420640000000002
28,28,female,naimaton,immigrant_background,3.0513600000000003
28,28,male,naimisissa,native,4.706264999999999
28,28,male,naimisissa,immigrant_background,0.7032349999999999
28,28,female,naimisissa,native,7.232310000000001
28,28,female,naimisissa,immigrant_background,1.0806900000000002
28,28,male,eronnut,native,0.455445
28,28,male,eronnut,immigrant_background,0.068055
28,28,female,eronnut,native,0.7090500000000001
28,28,female,eronnut,immigrant_background,0.10595000000000002
28,28,male,leski,native,0.0
28,28,male,leski,immigrant_background,0.0
28,28,female,leski,native,0.0
28,28,female,leski,immigrant_background,0.0
29,29,male,naimaton,native,25.34571
29,29,male,naimaton,immigrant_background,3.78729
29,29,female,naimaton,native,20.545919999999995
29,29,female,naimaton,immigrant_background,3.0700799999999995
29,29,male,naimisissa,native,4.733235
29,29,male,naimisissa,immigrant_background,0.707265
29,29,female,naimisissa,native,7.276679999999999
29,29,female,naimisissa,immigrant_background,1.0873199999999998
29,29,male,eronnut,native,0.458055
29,29,male,eronnut,immigrant_background,0.06844499999999999
29,29,female,eronnut,native,0.7133999999999999
29,29,female,eronnut,immigrant_background,0.1066
29,29,male,leski,native,0.0
29,29,male,leski,immigrant_background,0.0
29,29,female,leski,native,0.0
29,29,female,leski,immigrant_background,0.0
30,30,male,naimaton,native,19.31616
30,30,male,naimaton,immigrant_background,3.2758399999999996
30,30,female,naimaton,native,14.6718
30,30,female,naimaton,immigrant_background,2.4882
30,30,male,naimisissa,native,9.65808
30,30,male,naimisissa,immigrant_background,1.6379199999999998
30,30,female,naimisissa,native,12.18888
30,30,female,naimisissa,immigrant_background,2.06712
30,30,male,eronnut,native,1.20726
30,30,male,eronnut,immigrant_background,0.20473999999999998
30,30,female,eronnut,native,1.35432
30,30,female,eronnut,immigrant_background,0.22968
30,30,male,leski,native,0.0
30,30,male,leski,immigrant_background,0.0
30,30,female,leski,native,0.0
30,30,female,leski,immigrant_background,0.0
31,31,male,naimaton,native,19.37088
31,31,male,naimaton,immigrant_background,3.2851199999999996
31,31,female,naimaton,native,14.71626
31,31,female,naimaton,immigrant_background,2.4957399999999996
31,31,male,naimisissa,native,9.68544
31,31,male,naimisissa,immigrant_background,1.6425599999999998
31,31,female,naimisissa,native,12.225816
31,31,female,naimisissa,immigrant_background,2.073384
31,31,male,eronnut,native,1.21068
31,31,male,eronnut,immigrant_background,0.20531999999999997
31,31,female,eronnut,native,1.358424
31,31,female,eronnut,immigrant_background,0.23037600000000003
31,31,male,leski,native,0.0
31,31,male,leski,immigrant_background,0.0
31,31,female,leski,native,0.0
31,31,female,leski,immigrant_background,0.0
32,32,male,naimaton,native,19.4256
32,32,male,naimaton,immigrant_background,3.2943999999999996
32,32,female,naimaton,native,14.760720000000003
32,32,female,naimaton,immigrant_background,2.50328
32,32,male,naimisissa,native,9.7128
32,32,male,naimisissa,immigrant_background,1.6471999999999998
32,32,female,naimisissa,native,12.262752
32,32,female,naimisissa,immigrant_background,2.079648
32,32,male,eronnut,native,1.2141
32,32,male,eronnut,immigrant_background,0.20589999999999997
32,32,female,eronnut,native,1.3625280000000002
32,32,female,eronnut,immigrant_background,0.231072
32,32,male,leski,native,0.0
32,32,male,leski,immigrant_background,0.0
32,32,female,leski,native,0.0
32,32,female,leski,immigrant_background,0.0
33,33,male,naimaton,native,19.4256
33,33,male,naimaton,immigrant_background,3.2943999999999996
33,33,female,naimaton,native,14.760720000000003
33,33,female,naimaton,immigrant_background,2.50328
33,33,male,naimisissa,native,9.7128
33,33,male,naimisissa,immigrant_background,1.6471999999999998
33,33,female,naimisissa,native,12.262752
33,33,female,naimisissa,immigrant_background,2.079648
33,33,male,eronnut,native,1.2141
33,33,male,eronnut,immigrant_background,0.20589999999999997
33,33,female,eronnut,native,1.3625280000000002
33,33,female,eronnut,immigrant_background,0.231072
33,33,male,leski,native,0.0
33,33,male,leski,immigrant_background,0.0
33,33,female,leski,native,0.0
33,33,female,leski,immigrant_background,0.0
34,34,male,naimaton,native,19.37088
34,34,male,naimaton,immigrant_background,3.2851199999999996
34,34,female,naimaton,native,14.71626
34,34,female,naimaton,immigrant_background,2.4957399999999996
34,34,male,naimisissa,native,9.68544
34,34,male,naimisissa,immigrant_background,1.6425599999999998
34,34,female,naimisissa,native,12.225816
34,34,female,naimisissa,immigrant_background,2.073384
34,34,male,eronnut,native,1.21068
34,34,male,eronnut,immigrant_background,0.20531999999999997
34,34,female,eronnut,native,1.358424
34,34,female,eronnut,immigrant_background,0.23037600000000003
34,34,male,leski,native,0.0
34,34,male,leski,immigrant_background,0.0
34,34,female,leski,native,0.0
34,34,female,leski,immigrant_background,0.0
35,35,male,naimaton,native,14.83328
35,35,male,naimaton,immigrant_background,2.4147200000000004
35,35,female,naimaton,native,10.7844
35,35,female,naimaton,immigrant_background,1.7556000000000003
35,35,male,naimisissa,native,13.6224
35,35,male,naimisissa,immigrant_background,2.2176000000000005
35,35,female,naimisissa,native,15.552240000000003
35,35,female,naimisissa,immigrant_background,2.5317600000000007
35,35,male,eronnut,native,1.8163200000000002
35,35,male,eronnut,immigrant_background,0.29568000000000005
35,35,female,eronnut,native,1.9866
35,35,female,eronnut,immigrant_background,0.3234
35,35,male,leski,native,0.0
35,35,male,leski,immigrant_background,0.0
35,35,female,leski,native,0.056760000000000005
35,35,female,leski,immigrant_background,0.009240000000000002
36,36,male,naimaton,native,14.706859999999999
36,36,male,naimaton,immigrant_background,2.39414
36,36,female,naimaton,native,10.686360000000002
36,36,female,naimaton,immigrant_background,1.7396400000000005
36,36,male,naimisissa,native,13.5063
36,36,male,naimisissa,immigrant_background,2.1987
36,36,female,naimisissa,native,15.410856000000003
36,36,female,naimisissa,immigrant_background,2.5087440000000005
36,36,male,eronnut,native,1.8008399999999998
36,36,male,eronnut,immigrant_background,0.29316000000000003
36,36,female,eronnut,native,1.9685400000000004
36,36,female,eronnut,immigrant_background,0.32046000000000013
36,36,male,leski,native,0.0
36,36,male,leski,immigrant_background,0.0
36,36,female,leski,native,0.05624400000000001
36,36,female,leski,immigrant_background,0.009156000000000003
37,37,male,naimaton,native,14.538300000000001
37,37,male,naimaton,immigrant_background,2.3667000000000002
37,37,female,naimaton,native,10.58832
37,37,female,naimaton,immigrant_background,1.72368
37,37,male,naimisissa,native,13.3515
37,37,male,naimisissa,immigrant_background,2.1735
37,37,female,naimisissa,native,15.269472000000002
37,37,female,naimisissa,immigrant_background,2.4857280000000004
37,37,male,eronnut,native,1.7801999999999998
37,37,male,eronnut,immigrant_background,0.2898
37,37,female,eronnut,native,1.9504800000000002
37,37,female,eronnut,immigrant_background,0.3175200000000001
37,37,male,leski,native,0.0
37,37,male,leski,immigrant_background,0.0
37,37,female,leski,native,0.05572799999999999
37,37,female,leski,immigrant_background,0.009072
38,38,male,naimaton,native,14.28546
38,38,male,naimaton,immigrant_background,2.32554
38,38,female,naimaton,native,10.42492
38,38,female,naimaton,immigrant_background,1.6970800000000001
38,38,male,naimisissa,native,13.119299999999999
38,38,male,naimisissa,immigrant_background,2.1357
38,38,female,naimisissa,native,15.033832
38,38,female,naimisissa,immigrant_background,2.4473680000000004
38,38,male,eronnut,native,1.74924
38,38,male,eronnut,immigrant_background,0.28476
38,38,female,eronnut,native,1.92038
38,38,female,eronnut,immigrant_background,0.31262000000000006
38,38,male,leski,native,0.0
38,38,male,leski,immigrant_background,0.0
38,38,female,leski,native,0.05486799999999999
38,38,female,leski,immigrant_background,0.008932
39,39,male,naimaton,native,14.032619999999996
39,39,male,naimaton,immigrant_background,2.2843799999999996
39,39,female,naimaton,native,10.26152
39,39,female,naimaton,immigrant_background,1.6704800000000002
39,39,male,naimisissa,native,12.887099999999998
39,39,male,naimisissa,immigrant_background,2.0979
39,39,female,naimisissa,native,14.798192
39,39,female,naimisissa,immigrant_background,2.4090080000000005
39,39,male,eronnut,native,1.7182799999999998
39,39,male,eronnut,immigrant_background,0.27971999999999997
39,39,female,eronnut,native,1.89028
39,39,female,eronnut,immigrant_background,0.30772000000000005
39,39,male,leski,native,0.0
39,39,male,leski,immigrant_background,0.0
39,39,female,leski,native,0.054007999999999994
39,39,female,leski,immigrant_background,0.008792
40,40,male,naimaton,native,11.188320000000001
40,40,male,naimaton,immigrant_background,1.52568
40,40,female,naimaton,native,8.1312
40,40,female,naimaton,immigrant_background,1.1088
40,40,male,naimisissa,native,14.917760000000001
40,40,male,naimisissa,immigrant_background,2.03424
40,40,female,naimisissa,native,15.937152
40,40,female,naimisissa,immigrant_background,2.1732479999999996
40,40,male,eronnut,native,2.5245439999999997
40,40,male,eronnut,immigrant_background,0.34425599999999995
40,40,female,eronnut,native,2.873024
40,40,female,eronnut,immigrant_background,0.391776
40,40,male,leski,native,0.05737600000000001
40,40,male,leski,immigrant_background,0.007824000000000001
40,40,female,leski,native,0.16262400000000002
40,40,female,leski,immigrant_background,0.022176
41,41,male,naimaton,native,10.913760000000002
41,41,male,naimaton,immigrant_background,1.48824
41,41,female,naimaton,native,7.9464
41,41,female,naimaton,immigrant_background,1.0836
41,41,male,naimisissa,native,14.551680000000001
41,41,male,naimisissa,immigrant_background,1.98432
41,41,female,naimisissa,native,15.574943999999999
41,41,female,naimisissa,immigrant_background,2.123856
41,41,male,eronnut,native,2.462592
41,41,male,eronnut,immigrant_background,0.335808
41,41,female,eronnut,native,2.807728
41,41,female,eronnut,immigrant_background,0.382872
41,41,male,leski,native,0.055968000000000004
41,41,male,leski,immigrant_background,0.007632
41,41,female,leski,native,0.158928
41,41,female,leski,immigrant_background,0.021672
42,42,male,naimaton,native,10.6392
42,42,male,naimaton,immigrant_background,1.4507999999999999
42,42,female,naimaton,native,7.761599999999999
42,42,female,naimaton,immigrant_background,1.0583999999999998
42,42,male,naimisissa,native,14.1856
42,42,male,naimisissa,immigrant_background,1.9344000000000001
42,42,female,naimisissa,native,15.212736
42,42,female,naimisissa,immigrant_background,2.074464
42,42,male,eronnut,native,2.4006399999999997
42,42,male,eronnut,immigrant_background,0.32736
42,42,female,eronnut,native,2.7424319999999995
42,42,female,eronnut,immigrant_background,0.37396799999999997
42,42,male,leski,native,0.05456
42,42,male,leski,immigrant_background,0.0074399999999999996
42,42,female,leski,native,0.155232
42,42,female,leski,immigrant_background,0.021168
43,43,male,naimaton,native,10.36464
43,43,male,naimaton,immigrant_background,1.41336
43,43,female,naimaton,native,7.5767999999999995
43,43,female,naimaton,immigrant_background,1.0332
43,43,male,naimisissa,native,13.81952
43,43,male,naimisissa,immigrant_background,1.88448
43,43,female,naimisissa,native,14.850527999999999
43,43,female,naimisissa,immigrant_background,2.0250719999999998
43,43,male,eronnut,native,2.338688
43,43,male,eronnut,immigrant_background,0.318912
43,43,female,eronnut,native,2.677136
43,43,female,eronnut,immigrant_background,0.36506399999999994
43,43,male,leski,native,0.053152000000000005
43,43,male,leski,immigrant_background,0.007248
43,43,female,leski,native,0.151536
43,43,female,leski,immigrant_background,0.020664
44,44,male,naimaton,native,10.124400000000001
44,44,male,naimaton,immigrant_background,1.3806
44,44,female,naimaton,native,7.392
44,44,female,naimaton,immigrant_background,1.008
44,44,male,naimisissa,native,13.4992
44,44,male,naimisissa,immigrant_background,1.8408
44,44,female,naimisissa,native,14.488319999999998
44,44,female,naimisissa,immigrant_background,1.9756799999999997
44,44,male,eronnut,native,2.28448
44,44,male,eronnut,immigrant_background,0.31151999999999996
44,44,female,eronnut,native,2.61184
44,44,female,eronnut,immigrant_background,0.35616
44,44,male,leski,native,0.05192
44,44,male,leski,immigrant_background,0.00708
44,44,female,leski,native,0.14784
44,44,female,leski,immigrant_background,0.02016
45,45,male,naimaton,native,8.63008
45,45,male,naimaton,immigrant_background,0.90592
45,45,female,naimaton,native,6.402875000000001
45,45,female,naimaton,immigrant_background,0.672125
45,45,male,naimisissa,native,15.237485
45,45,male,naimisissa,immigrant_background,1.599515
45,45,female,naimisissa,native,15.366900000000001
45,45,female,naimisissa,immigrant_background,1.6131
45,45,male,eronnut,native,3.020528
45,45,male,eronnut,immigrant_background,0.317072
45,45,female,eronnut,native,3.534387
45,45,female,eronnut,immigrant_background,0.37101300000000004
45,45,male,leski,native,0.080907
45,45,male,leski,immigrant_background,0.008493
45,45,female,leski,native,0.307338
45,45,female,leski,immigrant_background,0.032262
46,46,male,naimaton,native,8.74592
46,46,male,naimaton,immigrant_background,0.91808
46,46,female,naimaton,native,6.493375
46,46,female,naimaton,immigrant_background,0.681625
46,46,male,naimisissa,native,15.442015
46,46,male,naimisissa,immigrant_background,1.620985
46,46,female,naimisissa,native,15.5841
46,46,female,naimisissa,immigrant_background,1.6359
46,46,male,eronnut,native,3.0610720000000002
46,46,male,eronnut,immigrant_background,0.321328
46,46,female,eronnut,native,3.5843430000000005
46,46,female,eronnut,immigrant_background,0.37625700000000006
46,46,male,leski,native,0.081993
46,46,male,leski,immigrant_background,0.008607
46,46,female,leski,native,0.311682
46,46,female,leski,immigrant_background,0.032718
47,47,male,naimaton,native,8.86176
47,47,male,naimaton,immigrant_background,0.93024
47,47,female,naimaton,native,6.583875000000001
47,47,female,naimaton,immigrant_background,0.691125
47,47,male,naimisissa,native,15.646544999999998
47,47,male,naimisissa,immigrant_background,1.6424549999999998
47,47,female,naimisissa,native,15.801300000000001
47,47,female,naimisissa,immigrant_background,1.6587
47,47,male,eronnut,native,3.101616
47,47,male,eronnut,immigrant_background,0.325584
47,47,female,eronnut,native,3.6342990000000004
47,47,female,eronnut,immigrant_background,0.38150100000000003
47,47,male,leski,native,0.08307900000000001
47,47,male,leski,immigrant_background,0.008721000000000001
47,47,female,leski,native,0.31602600000000003
47,47,female,leski,immigrant_background,0.033174
48,48,male,naimaton,native,8.9776
48,48,male,naimaton,immigrant_background,0.9424
48,48,female,naimaton,native,6.674375
48,48,female,naimaton,immigrant_background,0.700625
48,48,male,naimisissa,native,15.851074999999998
48,48,male,naimisissa,immigrant_background,1.6639249999999997
48,48,female,naimisissa,native,16.0185
48,48,female,naimisissa,immigrant_background,1.6815
48,48,male,eronnut,native,3.14216
48,48,male,eronnut,immigrant_background,0.32984
48,48,female,eronnut,native,3.6842550000000007
48,48,female,eronnut,immigrant_background,0.38674500000000006
48,48,male,leski,native,0.084165
48,48,male,leski,immigrant_background,0.008835
48,48,female,leski,native,0.32037
48,48,female,leski,immigrant_background,0.03363
49,49,male,naimaton,native,9.06448
49,49,male,naimaton,immigrant_background,0.95152
49,49,female,naimaton,native,6.74225
49,49,female,naimaton,immigrant_background,0.70775
49,49,male,naimisissa,native,16.004472500000002
49,49,male,naimisissa,immigrant_background,1.6800275
49,49,female,naimisissa,native,16.1814
49,49,female,naimisissa,immigrant_background,1.6985999999999999
49,49,male,eronnut,native,3.1725680000000005
49,49,male,eronnut,immigrant_background,0.33303200000000005
49,49,female,eronnut,native,3.721722
49,49,female,eronnut,immigrant_background,0.390678
49,49,male,leski,native,0.0849795
49,49,male,leski,immigrant_background,0.0089205
49,49,female,leski,native,0.323628
49,49,female,leski,immigrant_background,0.033972
50,50,male,naimaton,native,8.366625
50,50,male,naimaton,immigrant_background,0.678375
50,50,female,naimaton,native,6.216
50,50,female,naimaton,immigrant_background,0.504
50,50,male,naimisissa,native,18.592499999999998
50,50,male,naimisissa,immigrant_background,1.5074999999999998
50,50,female,naimisissa,native,17.9968
50,50,female,naimisissa,immigrant_background,1.4591999999999998
50,50,male,eronnut,native,3.84245
50,50,male,eronnut,immigrant_background,0.31155
50,50,female,eronnut,native,4.7952
50,50,female,eronnut,immigrant_background,0.3888
50,50,male,leski,native,0.185925
50,50,male,leski,immigrant_background,0.015075
50,50,female,leski,native,0.5920000000000001
50,50,female,leski,immigrant_background,0.048
51,51,male,naimaton,native,8.541450000000003
51,51,male,naimaton,immigrant_background,0.6925500000000001
51,51,female,naimaton,native,6.351975
51,51,female,naimaton,immigrant_background,0.515025
51,51,male,naimisissa,native,18.981
51,51,male,naimisissa,immigrant_background,1.539
51,51,female,naimisissa,native,18.390480000000004
51,51,female,naimisissa,immigrant_background,1.4911200000000002
51,51,male,eronnut,native,3.92274
51,51,male,eronnut,immigrant_background,0.31806
51,51,female,eronnut,native,4.900095
51,51,female,eronnut,immigrant_background,0.397305
51,51,male,leski,native,0.18981000000000003
51,51,male,leski,immigrant_background,0.015390000000000001
51,51,female,leski,native,0.6049500000000001
51,51,female,leski,immigrant_background,0.04905
52,52,male,naimaton,native,8.6913
52,52,male,naimaton,immigrant_background,0.7046999999999999
52,52,female,naimaton,native,6.468525
52,52,female,naimaton,immigrant_background,0.5244749999999999
52,52,male,naimisissa,native,19.314
52,52,male,naimisissa,immigrant_background,1.5659999999999998
52,52,female,naimisissa,native,18.727919999999997
52,52,female,naimisissa,immigrant_background,1.5184799999999998
52,52,male,eronnut,native,3.99156
52,52,male,eronnut,immigrant_background,0.32364
52,52,female,eronnut,native,4.990005
52,52,female,eronnut,immigrant_background,0.404595
52,52,male,leski,native,0.19314
52,52,male,leski,immigrant_background,0.015659999999999997
52,52,female,leski,native,0.61605
52,52,female,leski,immigrant_background,0.049949999999999994
53,53,male,naimaton,native,8.816175000000001
53,53,male,naimaton,immigrant_background,0.714825
53,53,female,naimaton,native,6.56565
53,53,female,naimaton,immigrant_background,0.5323499999999999
53,53,male,naimisissa,native,19.591499999999996
53,53,male,naimisissa,immigrant_background,1.5884999999999996
53,53,female,naimisissa,native,19.009119999999996
53,53,female,naimisissa,immigrant_background,1.5412799999999998
53,53,male,eronnut,native,4.048909999999999
53,53,male,eronnut,immigrant_background,0.3282899999999999
53,53,female,eronnut,native,5.06493
53,53,female,eronnut,immigrant_background,0.41067
53,53,male,leski,native,0.195915
53,53,male,leski,immigrant_background,0.015885
53,53,female,leski,native,0.6253
53,53,female,leski,immigrant_background,0.050699999999999995
54,54,male,naimaton,native,8.916075000000001
54,54,male,naimaton,immigrant_background,0.722925
54,54,female,naimaton,native,6.643350000000001
54,54,female,naimaton,immigrant_background,0.53865
54,54,male,naimisissa,native,19.8135
54,54,male,naimisissa,immigrant_background,1.6065
54,54,female,naimisissa,native,19.234080000000002
54,54,female,naimisissa,immigrant_background,1.55952
54,54,male,eronnut,native,4.094790000000001
54,54,male,eronnut,immigrant_background,0.33200999999999997
54,54,female,eronnut,native,5.124870000000001
54,54,female,eronnut,immigrant_background,0.41553000000000007
54,54,male,leski,native,0.19813500000000003
54,54,male,leski,immigrant_background,0.016065000000000003
54,54,female,leski,native,0.6327
54,54,female,leski,immigrant_background,0.051300000000000005
55,55,male,naimaton,native,7.783200000000001
55,55,male,naimaton,immigrant_background,0.4968000000000001
55,55,female,naimaton,native,5.772539999999999
55,55,female,naimaton,immigrant_background,0.36846
55,55,male,naimisissa,native,21.25152
55,55,male,naimisissa,immigrant_background,1.35648
55,55,female,naimisissa,native,19.62015
55,55,female,naimisissa,immigrant_background,1.2523499999999999
55,55,male,eronnut,native,4.50072
55,55,male,eronnut,immigrant_background,0.28728
55,55,female,eronnut,native,5.577959999999999
55,55,female,eronnut,immigrant_background,0.35603999999999997
55,55,male,leski,native,0.30455999999999994
55,55,male,leski,immigrant_background,0.019439999999999995
55,55,female,leski,native,1.45935
55,55,female,leski,immigrant_background,0.09315
56,56,male,naimaton,native,7.82644
56,56,male,naimaton,immigrant_background,0.49956
56,56,female,naimaton,native,5.806004000000001
56,56,female,naimaton,immigrant_background,0.37059600000000004
56,56,male,naimisissa,native,21.369584
56,56,male,naimisissa,immigrant_background,1.3640160000000001
56,56,female,naimisissa,native,19.73389
56,56,female,naimisissa,immigrant_background,1.2596100000000001
56,56,male,eronnut,native,4.525724
56,56,male,eronnut,immigrant_background,0.288876
56,56,female,eronnut,native,5.610296
56,56,female,eronnut,immigrant_background,0.358104
56,56,male,leski,native,0.30625199999999997
56,56,male,leski,immigrant_background,0.019548
56,56,female,leski,native,1.46781
56,56,female,leski,immigrant_background,0.09369000000000001
57,57,male,naimaton,native,7.848059999999999
57,57,male,naimaton,immigrant_background,0.5009399999999999
57,57,female,naimaton,native,5.822735999999999
57,57,female,naimaton,immigrant_background,0.37166399999999994
57,57,male,naimisissa,native,21.428615999999998
57,57,male,naimisissa,immigrant_background,1.3677839999999999
57,57,female,naimisissa,native,19.79076
57,57,female,naimisissa,immigrant_background,1.26324
57,57,male,eronnut,native,4.538225999999999
57,57,male,eronnut,immigrant_background,0.289674
57,57,female,eronnut,native,5.626463999999999
57,57,female,eronnut,immigrant_background,0.3591359999999999
57,57,male,leski,native,0.3070979999999999
57,57,male,leski,immigrant_background,0.019601999999999994
57,57,female,leski,native,1.4720399999999998
57,57,female,leski,immigrant_background,0.09395999999999999
58,58,male,naimaton,native,7.82644
58,58,male,naimaton,immigrant_background,0.49956
58,58,female,naimaton,native,5.806004000000001
58,58,female,naimaton,immigrant_background,0.37059600000000004
58,58,male,naimisissa,native,21.369584
58,58,male,naimisissa,immigrant_background,1.3640160000000001
58,58,female,naimisissa,native,19.73389
58,58,female,naimisissa,immigrant_background,1.2596100000000001
58,58,male,eronnut,native,4.525724
58,58,male,eronnut,immigrant_background,0.288876
58,58,female,eronnut,native,5.610296
58,58,female,eronnut,immigrant_background,0.358104
58,58,male,leski,native,0.30625199999999997
58,58,male,leski,immigrant_background,0.019548
58,58,female,leski,native,1.46781
58,58,female,leski,immigrant_background,0.09369000000000001
59,59,male,naimaton,native,7.783200000000001
59,59,male,naimaton,immigrant_background,0.4968000000000001
59,59,female,naimaton,native,5.772539999999999
59,59,female,naimaton,immigrant_background,0.36846
59,59,male,naimisissa,native,21.25152
59,59,male,naimisissa,immigrant_background,1.35648
59,59,female,naimisissa,native,19.62015
59,59,female,naimisissa,immigrant_background,1.2523499999999999
59,59,male,eronnut,native,4.50072
59,59,male,eronnut,immigrant_background,0.28728
59,59,female,eronnut,native,5.577959999999999
59,59,female,eronnut,immigrant_background,0.35603999999999997
59,59,male,leski,native,0.30455999999999994
59,59,male,leski,immigrant_background,0.019439999999999995
59,59,female,leski,native,1.45935
59,59,female,leski,immigrant_background,0.09315
60,60,male,naimaton,native,6.608784
60,60,male,naimaton,immigrant_background,0.333216
60,60,female,naimaton,native,4.9488768
60,60,female,naimaton,immigrant_background,0.24952320000000003
60,60,male,naimisissa,native,21.9614976
60,60,male,naimisissa,immigrant_background,1.1073024000000002
60,60,female,naimisissa,native,19.2745728
60,60,female,naimisissa,immigrant_background,0.9718272000000001
60,60,male,eronnut,native,4.6769856
60,60,male,eronnut,immigrant_background,0.23581440000000004
60,60,female,eronnut,native,5.372136
60,60,female,eronnut,immigrant_background,0.27086400000000005
60,60,male,leski,native,0.6439328
60,60,male,leski,immigrant_background,0.0324672
60,60,female,leski,native,2.9628144
60,60,female,leski,immigrant_background,0.1493856
61,61,male,naimaton,native,6.515964
61,61,male,naimaton,immigrant_background,0.32853600000000005
61,61,female,naimaton,native,4.890995199999999
61,61,female,naimaton,immigrant_background,0.24660479999999996
61,61,male,naimisissa,native,21.6530496
61,61,male,naimisissa,immigrant_background,1.0917504
61,61,female,naimisissa,native,19.0491392
61,61,female,naimisissa,immigrant_background,0.9604608
61,61,male,eronnut,native,4.6112976
61,61,male,eronnut,immigrant_background,0.23250240000000005
61,61,female,eronnut,native,5.309304
61,61,female,eronnut,immigrant_background,0.267696
61,61,male,leski,native,0.6348888
61,61,male,leski,immigrant_background,0.032011200000000004
61,61,female,leski,native,2.9281615999999997
61,61,female,leski,immigrant_background,0.14763839999999998
62,62,male,naimaton,native,6.40458
62,62,male,naimaton,immigrant_background,0.32292
62,62,female,naimaton,native,4.8186431999999995
62,62,female,naimaton,immigrant_background,0.24295679999999997
62,62,male,naimisissa,native,21.282912
62,62,male,naimisissa,immigrant_background,1.073088
62,62,female,naimisissa,native,18.767347199999996
62,62,female,naimisissa,immigrant_background,0.9462527999999998
62,62,male,eronnut,native,4.532472
62,62,male,eronnut,immigrant_background,0.228528
62,62,female,eronnut,native,5.230763999999999
62,62,female,eronnut,immigrant_background,0.26373599999999997
62,62,male,leski,native,0.6240359999999999
62,62,male,leski,immigrant_background,0.031464
62,62,female,leski,native,2.8848455999999993
62,62,female,leski,immigrant_background,0.14545439999999998
63,63,male,naimaton,native,6.274631999999999
63,63,male,naimaton,immigrant_background,0.316368
63,63,female,naimaton,native,4.7318208
63,63,female,naimaton,immigrant_background,0.23857920000000005
63,63,male,naimisissa,native,20.8510848
63,63,male,naimisissa,immigrant_background,1.0513152000000001
63,63,female,naimisissa,native,18.4291968
63,63,female,naimisissa,immigrant_background,0.9292032
63,63,male,eronnut,native,4.440508799999999
63,63,male,eronnut,immigrant_background,0.22389119999999998
63,63,female,eronnut,native,5.136516000000001
63,63,female,eronnut,immigrant_background,0.25898400000000005
63,63,male,leski,native,0.6113743999999999
63,63,male,leski,immigrant_background,0.030825599999999995
63,63,female,leski,native,2.8328664
63,63,female,leski,immigrant_background,0.1428336
64,64,male,naimaton,native,6.12612
64,64,male,naimaton,immigrant_background,0.30888000000000004
64,64,female,naimaton,native,4.630528
64,64,female,naimaton,immigrant_background,0.233472
64,64,male,naimisissa,native,20.357568
64,64,male,naimisissa,immigrant_background,1.026432
64,64,female,naimisissa,native,18.034688
64,64,female,naimisissa,immigrant_background,0.909312
64,64,male,eronnut,native,4.335408
64,64,male,eronnut,immigrant_background,0.218592
64,64,female,eronnut,native,5.02656
64,64,female,eronnut,immigrant_background,0.25344
64,64,male,leski,native,0.596904
64,64,male,leski,immigrant_background,0.030096
64,64,female,leski,native,2.772224
64,64,female,leski,immigrant_background,0.139776
65,65,male,naimaton,native,5.111106
65,65,male,naimaton,immigrant_background,0.20189400000000002
65,65,female,naimaton,native,3.9143779999999997
65,65,female,naimaton,immigrant_background,0.15462199999999998
65,65,male,naimisissa,native,20.5063768
65,65,male,naimisissa,immigrant_background,0.8100232
65,65,female,naimisissa,native,17.163041999999997
65,65,female,naimisissa,immigrant_background,0.6779579999999998
65,65,male,eronnut,native,4.181814
65,65,male,eronnut,immigrant_background,0.165186
65,65,female,eronnut,native,4.667142999999999
65,65,female,eronnut,immigrant_background,0.184357
65,65,male,leski,native,1.1771032
65,65,male,leski,immigrant_background,0.0464968
65,65,female,leski,native,4.3660369999999995
65,65,female,leski,immigrant_background,0.172463
66,66,male,naimaton,native,4.968249
66,66,male,naimaton,immigrant_background,0.196251
66,66,female,naimaton,native,3.81433
66,66,female,naimaton,immigrant_background,0.15067
66,66,male,naimisissa,native,19.9332172
66,66,male,naimisissa,immigrant_background,0.7873828
66,66,female,naimisissa,native,16.724369999999997
66,66,female,naimisissa,immigrant_background,0.6606299999999999
66,66,male,eronnut,native,4.0649310000000005
66,66,male,eronnut,immigrant_background,0.16056900000000002
66,66,female,eronnut,native,4.547855
66,66,female,eronnut,immigrant_background,0.179645
66,66,male,leski,native,1.1442028
66,66,male,leski,immigrant_background,0.0451972
66,66,female,leski,native,4.254445
66,66,female,leski,immigrant_background,0.16805499999999998
67,67,male,naimaton,native,4.825392
67,67,male,naimaton,immigrant_background,0.190608
67,67,female,naimaton,native,3.714282
67,67,female,naimaton,immigrant_background,0.14671800000000002
67,67,male,naimisissa,native,19.3600576
67,67,male,naimisissa,immigrant_background,0.7647424
67,67,female,naimisissa,native,16.285697999999996
67,67,female,naimisissa,immigrant_background,0.6433019999999999
67,67,male,eronnut,native,3.948048
67,67,male,eronnut,immigrant_background,0.155952
67,67,female,eronnut,native,4.428566999999999
67,67,female,eronnut,immigrant_background,0.17493299999999998
67,67,male,leski,native,1.1113024
67,67,male,leski,immigrant_background,0.0438976
67,67,female,leski,native,4.142853
67,67,female,leski,immigrant_background,0.163647
68,68,male,naimaton,native,4.682535000000001
68,68,male,naimaton,immigrant_background,0.18496500000000002
68,68,female,naimaton,native,3.614234
68,68,female,naimaton,immigrant_background,0.142766
68,68,male,naimisissa,native,18.786898
68,68,male,naimisissa,immigrant_background,0.7421019999999999
68,68,female,naimisissa,native,15.847025999999998
68,68,female,naimisissa,immigrant_background,0.6259739999999999
68,68,male,eronnut,native,3.8311650000000004
68,68,male,eronnut,immigrant_background,0.151335
68,68,female,eronnut,native,4.309279
68,68,female,eronnut,immigrant_background,0.17022099999999998
68,68,male,leski,native,1.0784019999999999
68,68,male,leski,immigrant_background,0.042598
68,68,female,leski,native,4.031260999999999
68,68,female,leski,immigrant_background,0.15923899999999996
69,69,male,naimaton,native,4.539678
69,69,male,naimaton,immigrant_background,0.179322
69,69,female,naimaton,native,3.50168
69,69,female,naimaton,immigrant_background,0.13832
69,69,male,naimisissa,native,18.2137384
69,69,male,naimisissa,immigrant_background,0.7194616000000001
69,69,female,naimisissa,native,15.353519999999998
69,69,female,naimisissa,immigrant_background,0.6064799999999999
69,69,male,eronnut,native,3.7142820000000003
69,69,male,eronnut,immigrant_background,0.14671800000000002
69,69,female,eronnut,native,4.1750799999999995
69,69,female,eronnut,immigrant_background,0.16491999999999998
69,69,male,leski,native,1.0455016
69,69,male,leski,immigrant_background,0.0412984
69,69,female,leski,native,3.9057199999999996
69,69,female,leski,immigrant_background,0.15427999999999997
70,70,male,naimaton,native,4.49064
70,70,male,naimaton,immigrant_background,0.12936
70,70,female,naimaton,native,3.646944
70,70,female,naimaton,immigrant_background,0.10505600000000001
70,70,male,naimisissa,native,21.426768
70,70,male,naimisissa,immigrant_background,0.617232
70,70,female,naimisissa,native,17.420669999999998
70,70,female,naimisissa,immigrant_background,0.50183
70,70,male,eronnut,native,4.105728
70,70,male,eronnut,immigrant_background,0.118272
70,70,female,eronnut,native,4.493556
70,70,female,eronnut,immigrant_background,0.129444
70,70,male,leski,native,2.052864
70,70,male,leski,immigrant_background,0.059136
70,70,female,leski,native,7.00083
70,70,female,leski,immigrant_background,0.20167
71,71,male,naimaton,native,4.422600000000001
71,71,male,naimaton,immigrant_background,0.1274
71,71,female,naimaton,native,3.6142848
71,71,female,naimaton,immigrant_background,0.10411520000000002
71,71,male,naimisissa,native,21.10212
71,71,male,naimisissa,immigrant_background,0.6078800000000001
71,71,female,naimisissa,native,17.264664000000003
71,71,female,naimisissa,immigrant_background,0.4973360000000001
71,71,male,eronnut,native,4.04352
71,71,male,eronnut,immigrant_background,0.11648
71,71,female,eronnut,native,4.4533152000000005
71,71,female,eronnut,immigrant_background,0.12828480000000003
71,71,male,leski,native,2.02176
71,71,male,leski,immigrant_background,0.05824
71,71,female,leski,native,6.938136000000001
71,71,female,leski,immigrant_background,0.199864
72,72,male,naimaton,native,4.327344000000001
72,72,male,naimaton,immigrant_background,0.12465600000000003
72,72,female,naimaton,native,3.5598528000000003
72,72,female,naimaton,immigrant_background,0.1025472
72,72,male,naimisissa,native,20.6476128
72,72,male,naimisissa,immigrant_background,0.5947872
72,72,female,naimisissa,native,17.004654000000002
72,72,female,naimisissa,immigrant_background,0.48984600000000006
72,72,male,eronnut,native,3.9564288000000003
72,72,male,eronnut,immigrant_background,0.11397120000000001
72,72,female,eronnut,native,4.386247200000001
72,72,female,eronnut,immigrant_background,0.12635280000000002
72,72,male,leski,native,1.9782144000000002
72,72,male,leski,immigrant_background,0.056985600000000004
72,72,female,leski,native,6.833646000000001
72,72,female,leski,immigrant_background,0.19685400000000003
73,73,male,naimaton,native,4.191264
73,73,male,naimaton,immigrant_background,0.12073600000000001
73,73,female,naimaton,native,3.4727615999999997
73,73,female,naimaton,immigrant_background,0.1000384
73,73,male,naimisissa,native,19.9983168
73,73,male,naimisissa,immigrant_background,0.5760832
73,73,female,naimisissa,native,16.588638
73,73,female,naimisissa,immigrant_background,0.47786200000000006
73,73,male,eronnut,native,3.8320128
73,73,male,eronnut,immigrant_background,0.1103872
73,73,female,eronnut,native,4.2789384
73,73,female,eronnut,immigrant_background,0.12326160000000001
73,73,male,leski,native,1.9160064
73,73,male,leski,immigrant_background,0.0551936
73,73,female,leski,native,6.666461999999999
73,73,female,leski,immigrant_background,0.192038
74,74,male,naimaton,native,4.055184000000001
74,74,male,naimaton,immigrant_background,0.11681600000000002
74,74,female,naimaton,native,3.374784
74,74,female,naimaton,immigrant_background,0.097216
74,74,male,naimisissa,native,19.3490208
74,74,male,naimisissa,immigrant_background,0.5573792000000001
74,74,female,naimisissa,native,16.12062
74,74,female,naimisissa,immigrant_background,0.46438
74,74,male,eronnut,native,3.7075968
74,74,male,eronnut,immigrant_background,0.1068032
74,74,female,eronnut,native,4.158216
74,74,female,eronnut,immigrant_background,0.11978400000000002
74,74,male,leski,native,1.8537984
74,74,male,leski,immigrant_background,0.0534016
74,74,female,leski,native,6.47838
74,74,female,leski,immigrant_background,0.18662
75,75,male,naimaton,native,3.29574
75,75,male,naimaton,immigrant_background,0.06726
75,75,female,naimaton,native,2.8811999999999998
75,75,female,naimaton,immigrant_background,0.0588
75,75,male,naimisissa,native,18.57345
75,75,male,naimisissa,immigrant_background,0.37905
75,75,female,naimisissa,native,13.965
75,75,female,naimisissa,immigrant_background,0.28500000000000003
75,75,male,eronnut,native,3.2119500000000003
75,75,male,eronnut,immigrant_background,0.06555000000000001
75,75,female,eronnut,native,3.3810000000000002
75,75,female,eronnut,immigrant_background,0.069
75,75,male,leski,native,2.84886
75,75,male,leski,immigrant_background,0.058140000000000004
75,75,female,leski,native,9.172799999999999
75,75,female,leski,immigrant_background,0.1872
76,76,male,naimaton,native,3.133844
76,76,male,naimaton,immigrant_background,0.063956
76,76,female,naimaton,native,2.775556
76,76,female,naimaton,immigrant_background,0.056644
76,76,male,naimisissa,native,17.661070000000002
76,76,male,naimisissa,immigrant_background,0.3604300000000001
76,76,female,naimisissa,native,13.45295
76,76,female,naimisissa,immigrant_background,0.27455
76,76,male,eronnut,native,3.05417
76,76,male,eronnut,immigrant_background,0.06233
76,76,female,eronnut,native,3.25703
76,76,female,eronnut,immigrant_background,0.06647
76,76,male,leski,native,2.708916
76,76,male,leski,immigrant_background,0.055284
76,76,female,leski,native,8.836464
76,76,female,leski,immigrant_background,0.180336
77,77,male,naimaton,native,2.960384
77,77,male,naimaton,immigrant_background,0.060416
77,77,female,naimaton,native,2.6603079999999997
77,77,female,naimaton,immigrant_background,0.054292
77,77,male,naimisissa,native,16.68352
77,77,male,naimisissa,immigrant_background,0.34048
77,77,female,naimisissa,native,12.89435
77,77,female,naimisissa,immigrant_background,0.26315
77,77,male,eronnut,native,2.88512
77,77,male,eronnut,immigrant_background,0.05888000000000001
77,77,female,eronnut,native,3.1217900000000003
77,77,female,eronnut,immigrant_background,0.06371
77,77,male,leski,native,2.558976
77,77,male,leski,immigrant_background,0.052224000000000007
77,77,female,leski,native,8.469552
77,77,female,leski,immigrant_background,0.172848
78,78,male,naimaton,native,2.7637959999999997
78,78,male,naimaton,immigrant_background,0.056403999999999996
78,78,female,naimaton,native,2.535456
78,78,female,naimaton,immigrant_background,0.051744000000000005
78,78,male,naimisissa,native,15.575629999999999
78,78,male,naimisissa,immigrant_background,0.31787
78,78,female,naimisissa,native,12.2892
78,78,female,naimisissa,immigrant_background,0.25079999999999997
78,78,male,eronnut,native,2.69353
78,78,male,eronnut,immigrant_background,0.05497
78,78,female,eronnut,native,2.97528
78,78,female,eronnut,immigrant_background,0.06072
78,78,male,leski,native,2.3890439999999997
78,78,male,leski,immigrant_background,0.048755999999999994
78,78,female,leski,native,8.072064
78,78,female,leski,immigrant_background,0.16473599999999997
79,79,male,naimaton,native,2.5672079999999995
79,79,male,naimaton,immigrant_background,0.052391999999999994
79,79,female,naimaton,native,2.4010000000000002
79,79,female,naimaton,immigrant_background,0.049
79,79,male,naimisissa,native,14.46774
79,79,male,naimisissa,immigrant_background,0.29526
79,79,female,naimisissa,native,11.6375
79,79,female,naimisissa,immigrant_background,0.23750000000000002
79,79,male,eronnut,native,2.50194
79,79,male,eronnut,immigrant_background,0.05106
79,79,female,eronnut,native,2.8175
79,79,female,eronnut,immigrant_background,0.0575
79,79,male,leski,native,2.2191119999999995
79,79,male,leski,immigrant_background,0.045287999999999995
79,79,female,leski,native,7.644
79,79,female,leski,immigrant_background,0.156
80,80,male,naimaton,native,1.9897
80,80,male,naimaton,immigrant_background,0.0303
80,80,female,naimaton,native,2.0283119999999997
80,80,female,naimaton,immigrant_background,0.030887999999999995
80,80,male,naimisissa,native,12.893256000000001
80,80,male,naimisissa,immigrant_background,0.196344
80,80,female,naimisissa,native,8.98911
80,80,female,naimisissa,immigrant_background,0.13688999999999998
80,80,male,eronnut,native,1.9897
80,80,male,eronnut,immigrant_background,0.0303
80,80,female,eronnut,native,2.120508
80,80,female,eronnut,immigrant_background,0.032292
80,80,male,leski,native,3.0243439999999997
80,80,male,leski,immigrant_background,0.04605599999999999
80,80,female,leski,native,9.911069999999999
80,80,female,leski,immigrant_background,0.15092999999999998
81,81,male,naimaton,native,1.80255
81,81,male,naimaton,immigrant_background,0.02745
81,81,female,naimaton,native,1.8809559999999996
81,81,female,naimaton,immigrant_background,0.028643999999999996
81,81,male,naimisissa,native,11.680524000000002
81,81,male,naimisissa,immigrant_background,0.177876
81,81,female,naimisissa,native,8.336054999999998
81,81,female,naimisissa,immigrant_background,0.12694499999999997
81,81,male,eronnut,native,1.80255
81,81,male,eronnut,immigrant_background,0.02745
81,81,female,eronnut,native,1.966454
81,81,female,eronnut,immigrant_background,0.029945999999999997
81,81,male,leski,native,2.739876
81,81,male,leski,immigrant_background,0.041724
81,81,female,leski,native,9.191035
81,81,female,leski,immigrant_background,0.13996499999999998
82,82,male,naimaton,native,1.6154
82,82,male,naimaton,immigrant_background,0.024599999999999997
82,82,female,naimaton,native,1.7335999999999998
82,82,female,naimaton,immigrant_background,0.026399999999999996
82,82,male,naimisissa,native,10.467792
82,82,male,naimisissa,immigrant_background,0.159408
82,82,female,naimisissa,native,7.683000000000001
82,82,female,naimisissa,immigrant_background,0.117
82,82,male,eronnut,native,1.6154
82,82,male,eronnut,immigrant_background,0.024599999999999997
82,82,female,eronnut,native,1.8123999999999998
82,82,female,eronnut,immigrant_background,0.027599999999999996
82,82,male,leski,native,2.455408
82,82,male,leski,immigrant_background,0.037391999999999995
82,82,female,leski,native,8.471
82,82,female,leski,immigrant_background,0.129
83,83,male,naimaton,native,1.4381
83,83,male,naimaton,immigrant_background,0.0219
83,83,female,naimaton,native,1.5775759999999999
83,83,female,naimaton,immigrant_background,0.024023999999999997
83,83,male,naimisissa,native,9.318888000000001
83,83,male,naimisissa,immigrant_background,0.141912
83,83,female,naimisissa,native,6.99153
83,83,female,naimisissa,immigrant_background,0.10647
83,83,male,eronnut,native,1.4381
83,83,male,eronnut,immigrant_background,0.0219
83,83,female,eronnut,native,1.649284
83,83,female,eronnut,immigrant_background,0.025115999999999996
83,83,male,leski,native,2.1859119999999996
83,83,male,leski,immigrant_background,0.033288
83,83,female,leski,native,7.708609999999999
83,83,female,leski,immigrant_background,0.11739
84,84,male,naimaton,native,1.27065
84,84,male,naimaton,immigrant_background,0.01935
84,84,female,naimaton,native,1.43022
84,84,female,naimaton,immigrant_background,0.021779999999999997
84,84,male,naimisissa,native,8.233812
84,84,male,naimisissa,immigrant_background,0.12538800000000003
84,84,female,naimisissa,native,6.338475000000001
84,84,female,naimisissa,immigrant_background,0.096525
84,84,male,eronnut,native,1.27065
84,84,male,eronnut,immigrant_background,0.01935
84,84,female,eronnut,native,1.49523
84,84,female,eronnut,immigrant_background,0.02277
84,84,male,leski,native,1.931388
84,84,male,leski,immigrant_background,0.029412
84,84,female,leski,native,6.988575
84,84,female,leski,immigrant_background,0.10642499999999999
85,85,male,naimaton,native,0.956384
85,85,male,naimaton,immigrant_background,0.011616
85,85,female,naimaton,native,1.1909352
85,85,female,naimaton,immigrant_background,0.0144648
85,85,male,naimisissa,native,6.62948
85,85,male,naimisissa,immigrant_background,0.08052
85,85,female,naimisissa,native,4.139226
85,85,female,naimisissa,immigrant_background,0.050274
85,85,male,eronnut,native,0.891176
85,85,male,eronnut,immigrant_background,0.010824
85,85,female,eronnut,native,0.9876048000000001
85,85,female,eronnut,immigrant_background,0.011995200000000001
85,85,male,leski,native,2.3909599999999998
85,85,male,leski,immigrant_background,0.02904
85,85,female,leski,native,8.205833999999998
85,85,female,leski,immigrant_background,0.09966599999999999
86,86,male,naimaton,native,0.8085792
86,86,male,naimaton,immigrant_background,0.009820800000000001
86,86,female,naimaton,native,1.0451064
86,86,female,naimaton,immigrant_background,0.012693600000000001
86,86,male,naimisissa,native,5.604924
86,86,male,naimisissa,immigrant_background,0.068076
86,86,female,naimisissa,native,3.6323819999999998
86,86,female,naimisissa,immigrant_background,0.044118
86,86,male,eronnut,native,0.7534488
86,86,male,eronnut,immigrant_background,0.009151200000000002
86,86,female,eronnut,native,0.8666736
86,86,female,eronnut,immigrant_background,0.010526400000000002
86,86,male,leski,native,2.0214480000000004
86,86,male,leski,immigrant_background,0.024552000000000004
86,86,female,leski,native,7.201037999999999
86,86,female,leski,immigrant_background,0.08746199999999998
87,87,male,naimaton,native,0.6781631999999999
87,87,male,naimaton,immigrant_background,0.008236799999999999
87,87,female,naimaton,native,0.9073791999999999
87,87,female,naimaton,immigrant_background,0.0110208
87,87,male,naimisissa,native,4.7009039999999995
87,87,male,naimisissa,immigrant_background,0.057096
87,87,female,naimisissa,native,3.1536959999999996
87,87,female,naimisissa,immigrant_background,0.038304
87,87,male,eronnut,native,0.6319248000000001
87,87,male,eronnut,immigrant_background,0.007675200000000001
87,87,female,eronnut,native,0.7524608
87,87,female,eronnut,immigrant_background,0.0091392
87,87,male,leski,native,1.695408
87,87,male,leski,immigrant_background,0.020592
87,87,female,leski,native,6.252063999999999
87,87,female,leski,immigrant_background,0.07593599999999999
88,88,male,naimaton,native,0.5564416
88,88,male,naimaton,immigrant_background,0.0067584
88,88,female,naimaton,native,0.769652
88,88,female,naimaton,immigrant_background,0.009348
88,88,male,naimisissa,native,3.8571519999999997
88,88,male,naimisissa,immigrant_background,0.046848
88,88,female,naimisissa,native,2.6750099999999994
88,88,female,naimisissa,immigrant_background,0.03249
88,88,male,eronnut,native,0.5185024
88,88,male,eronnut,immigrant_background,0.0062976
88,88,female,eronnut,native,0.638248
88,88,female,eronnut,immigrant_background,0.007752
88,88,male,leski,native,1.3911040000000001
88,88,male,leski,immigrant_background,0.016896
88,88,female,leski,native,5.30309
88,88,female,leski,immigrant_background,0.06441
89,89,male,naimaton,native,0.4521088
89,89,male,naimaton,immigrant_background,0.0054912
89,89,female,naimaton,native,0.6400264
89,89,female,naimaton,immigrant_background,0.0077736
89,89,male,naimisissa,native,3.1339360000000003
89,89,male,naimisissa,immigrant_background,0.038064
89,89,female,naimisissa,native,2.224482
89,89,female,naimisissa,immigrant_background,0.027018
89,89,male,eronnut,native,0.4212832
89,89,male,eronnut,immigrant_background,0.005116800000000001
89,89,female,eronnut,native,0.5307536
89,89,female,eronnut,immigrant_background,0.006446400000000001
89,89,male,leski,native,1.1302720000000002
89,89,male,leski,immigrant_background,0.013728000000000002
89,89,female,leski,native,4.4099379999999995
89,89,female,leski,immigrant_background,0.053562
90,90,male,naimaton,native,0.316602
90,90,male,naimaton,immigrant_background,0.003198
90,90,female,naimaton,native,0.50193
90,90,female,naimaton,immigrant_background,0.00507
90,90,male,naimisissa,native,2.19186
90,90,male,naimisissa,immigrant_background,0.02214
90,90,female,naimisissa,native,1.126125
90,90,female,naimisissa,immigrant_background,0.011375
90,90,male,eronnut,native,0.251658
90,90,male,eronnut,immigrant_background,0.002542
90,90,female,eronnut,native,0.30244499999999996
90,90,female,eronnut,immigrant_background,0.003055
90,90,male,leski,native,1.2988799999999998
90,90,male,leski,immigrant_background,0.013119999999999998
90,90,female,leski,native,4.5045
90,90,female,leski,immigrant_background,0.0455
91,91,male,naimaton,native,0.24710400000000002
91,91,male,naimaton,immigrant_background,0.0024960000000000004
91,91,female,naimaton,native,0.401544
91,91,female,naimaton,immigrant_background,0.004056000000000001
91,91,male,naimisissa,native,1.7107200000000002
91,91,male,naimisissa,immigrant_background,0.017280000000000004
91,91,female,naimisissa,native,0.9008999999999999
91,91,female,naimisissa,immigrant_background,0.009099999999999999
91,91,male,eronnut,native,0.196416
91,91,male,eronnut,immigrant_background,0.001984
91,91,female,eronnut,native,0.241956
91,91,female,eronnut,immigrant_background,0.002444
91,91,male,leski,native,1.01376
91,91,male,leski,immigrant_background,0.01024
91,91,female,leski,native,3.6035999999999997
91,91,female,leski,immigrant_background,0.036399999999999995
92,92,male,naimaton,native,0.185328
92,92,male,naimaton,immigrant_background,0.0018720000000000002
92,92,female,naimaton,native,0.316602
92,92,female,naimaton,immigrant_background,0.003198
92,92,male,naimisissa,native,1.28304
92,92,male,naimisissa,immigrant_background,0.012960000000000001
92,92,female,naimisissa,native,0.7103249999999999
92,92,female,naimisissa,immigrant_background,0.007174999999999999
92,92,male,eronnut,native,0.147312
92,92,male,eronnut,immigrant_background,0.001488
92,92,female,eronnut,native,0.19077299999999997
92,92,female,eronnut,immigrant_background,0.001927
92,92,male,leski,native,0.76032
92,92,male,leski,immigrant_background,0.00768
92,92,female,leski,native,2.8412999999999995
92,92,female,leski,immigrant_background,0.028699999999999996
93,93,male,naimaton,native,0.138996
93,93,male,naimaton,immigrant_background,0.001404
93,93,female,naimaton,native,0.24710400000000002
93,93,female,naimaton,immigrant_background,0.0024960000000000004
93,93,male,naimisissa,native,0.96228
93,93,male,naimisissa,immigrant_background,0.009720000000000001
93,93,female,naimisissa,native,0.5543999999999999
93,93,female,naimisissa,immigrant_background,0.0056
93,93,male,eronnut,native,0.110484
93,93,male,eronnut,immigrant_background,0.001116
93,93,female,eronnut,native,0.148896
93,93,female,eronnut,immigrant_background,0.0015040000000000001
93,93,male,leski,native,0.5702400000000001
93,93,male,leski,immigrant_background,0.00576
93,93,female,leski,native,2.2175999999999996
93,93,female,leski,immigrant_background,0.0224
94,94,male,naimaton,native,0.100386
94,94,male,naimaton,immigrant_background,0.0010140000000000001
94,94,female,naimaton,native,0.185328
94,94,female,naimaton,immigrant_background,0.0018720000000000002
94,94,male,naimisissa,native,0.69498
94,94,male,naimisissa,immigrant_background,0.007020000000000001
94,94,female,naimisissa,native,0.4158
94,94,female,naimisissa,immigrant_background,0.0042
94,94,male,eronnut,native,0.079794
94,94,male,eronnut,immigrant_background,0.0008060000000000001
94,94,female,eronnut,native,0.111672
94,94,female,eronnut,immigrant_background,0.001128
94,94,male,leski,native,0.41184000000000004
94,94,male,leski,immigrant_background,0.0041600000000000005
94,94,female,leski,native,1.6632
94,94,female,leski,immigrant_background,0.0168
95,95+,male,naimaton,native,0.1392768
95,95+,male,naimaton,immigrant_background,0.0011232
95,95+,female,naimaton,native,0.3249792
95,95+,female,naimaton,immigrant_background,0.0026208
95,95+,male,naimisissa,native,0.9642240000000001
95,95+,male,naimisissa,immigrant_background,0.007776000000000001
95,95+,female,naimisissa,native,0.72912
95,95+,female,naimisissa,immigrant_background,0.00588
95,95+,male,eronnut,native,0.1107072
95,95+,male,eronnut,immigrant_background,0.0008928
95,95+,female,eronnut,native,0.19582080000000002
95,95+,female,eronnut,immigrant_background,0.0015792000000000002
95,95+,male,leski,native,0.571392
95,95+,male,leski,immigrant_background,0.004608000000000001
95,95+,female,leski,native,2.91648
95,95+,female,leski,immigrant_background,0.02352
